IDIndex,rusword,ruword
1,demo_russian_mironov_001,demo_rusin_mironov_001
2,demo_russian_mironov_002,demo_rusin_mironov_002
3,demo_russian_mironov_003,demo_rusin_mironov_003
4,demo_russian_mironov_004,demo_rusin_mironov_004
5,demo_russian_mironov_005,demo_rusin_mironov_005
6,demo_russian_mironov_006,demo_rusin_mironov_006
7,demo_russian_mironov_007,demo_rusin_mironov_007
8,demo_russian_mironov_008,demo_rusin_mironov_008
9,demo_russian_mironov_009,demo_rusin_mironov_009
10,demo_russian_mironov_010,demo_rusin_mironov_010
11,demo_russian_mironov_011,demo_rusin_mironov_011
12,demo_russian_mironov_012,demo_rusin_mironov_012
13,demo_russian_mironov_013,demo_rusin_mironov_013
14,demo_russian_mironov_014,demo_rusin_mironov_014
15,demo_russian_mironov_015,demo_rusin_mironov_015
16,demo_russian_mironov_016,demo_rusin_mironov_016
17,demo_russian_mironov_017,demo_rusin_mironov_017
18,demo_russian_mironov_018,demo_rusin_mironov_018
19,demo_russian_mironov_019,demo_rusin_mironov_019
20,demo_russian_mironov_020,demo_rusin_mironov_020
21,demo_russian_mironov_021,demo_rusin_mironov_021
22,demo_russian_mironov_022,demo_rusin_mironov_022
23,demo_russian_mironov_023,demo_rusin_mironov_023
24,demo_russian_mironov_024,demo_rusin_mironov_024
25,demo_russian_mironov_025,demo_rusin_mironov_025
26,demo_russian_mironov_026,demo_rusin_mironov_026
27,demo_russian_mironov_027,demo_rusin_mironov_027
28,demo_russian_mironov_028,demo_rusin_mironov_028
29,demo_russian_mironov_029,demo_rusin_mironov_029
30,demo_russian_mironov_030,demo_rusin_mironov_030
31,demo_russian_mironov_031,demo_rusin_mironov_031
32,demo_russian_mironov_032,demo_rusin_mironov_032
33,demo_russian_mironov_033,demo_rusin_mironov_033
34,demo_russian_mironov_034,demo_rusin_mironov_034
35,demo_russian_mironov_035,demo_rusin_mironov_035
36,demo_russian_mironov_036,demo_rusin_mironov_036
37,demo_russian_mironov_037,demo_rusin_mironov_037
38,demo_russian_mironov_038,demo_rusin_mironov_038
39,demo_russian_mironov_039,demo_rusin_mironov_039
40,demo_russian_mironov_040,demo_rusin_mironov_040
41,demo_russian_mironov_041,demo_rusin_mironov_041
42,demo_russian_mironov_042,demo_rusin_mironov_042
43,demo_russian_mironov_043,demo_rusin_mironov_043
44,demo_russian_mironov_044,demo_rusin_mironov_044
45,demo_russian_mironov_045,demo_rusin_mironov_045
46,demo_russian_mironov_046,demo_rusin_mironov_046
47,demo_russian_mironov_047,demo_rusin_mironov_047
48,demo_russian_mironov_048,demo_rusin_mironov_048
49,demo_russian_mironov_049,demo_rusin_mironov_049
50,demo_russian_mironov_050,demo_rusin_mironov_050
51,demo_russian_mironov_051,demo_rusin_mironov_051
52,demo_russian_mironov_052,demo_rusin_mironov_052
53,demo_russian_mironov_053,demo_rusin_mironov_053
54,demo_russian_mironov_054,demo_rusin_mironov_054
55,demo_russian_mironov_055,demo_rusin_mironov_055
56,demo_russian_mironov_056,demo_rusin_mironov_056
57,demo_russian_mironov_057,demo_rusin_mironov_057
58,demo_russian_mironov_058,demo_rusin_mironov_058
59,demo_russian_mironov_059,demo_rusin_mironov_059
60,demo_russian_mironov_060,demo_rusin_mironov_060
61,demo_russian_mironov_061,demo_rusin_mironov_061
62,demo_russian_mironov_062,demo_rusin_mironov_062
63,demo_russian_mironov_063,demo_rusin_mironov_063
64,demo_russian_mironov_064,demo_rusin_mironov_064
65,demo_russian_mironov_065,demo_rusin_mironov_065
66,demo_russian_mironov_066,demo_rusin_mironov_066
67,demo_russian_mironov_067,demo_rusin_mironov_067
68,demo_russian_mironov_068,demo_rusin_mironov_068
69,demo_russian_mironov_069,demo_rusin_mironov_069
70,demo_russian_mironov_070,demo_rusin_mironov_070
71,demo_russian_mironov_071,demo_rusin_mironov_071
72,demo_russian_mironov_072,demo_rusin_mironov_072
73,demo_russian_mironov_073,demo_rusin_mironov_073
74,demo_russian_mironov_074,demo_rusin_mironov_074
75,demo_russian_mironov_075,demo_rusin_mironov_075
76,demo_russian_mironov_076,demo_rusin_mironov_076
77,demo_russian_mironov_077,demo_rusin_mironov_077
78,demo_russian_mironov_078,demo_rusin_mironov_078
79,demo_russian_mironov_079,demo_rusin_mironov_079
80,demo_russian_mironov_080,demo_rusin_mironov_080
81,demo_russian_mironov_081,demo_rusin_mironov_081
82,demo_russian_mironov_082,demo_rusin_mironov_082
83,demo_russian_mironov_083,demo_rusin_mironov_083
84,demo_russian_mironov_084,demo_rusin_mironov_084
85,demo_russian_mironov_085,demo_rusin_mironov_085
86,demo_russian_mironov_086,demo_rusin_mironov_086
87,demo_russian_mironov_087,demo_rusin_mironov_087
88,demo_russian_mironov_088,demo_rusin_mironov_088
89,demo_russian_mironov_089,demo_rusin_mironov_089
90,demo_russian_mironov_090,demo_rusin_mironov_090
91,demo_russian_mironov_091,demo_rusin_mironov_091
92,demo_russian_mironov_092,demo_rusin_mironov_092
93,demo_russian_mironov_093,demo_rusin_mironov_093
94,demo_russian_mironov_094,demo_rusin_mironov_094
95,demo_russian_mironov_095,demo_rusin_mironov_095
96,demo_russian_mironov_096,demo_rusin_mironov_096
97,demo_russian_mironov_097,demo_rusin_mironov_097
98,demo_russian_mironov_098,demo_rusin_mironov_098
99,demo_russian_mironov_099,demo_rusin_mironov_099
100,demo_russian_mironov_100,demo_rusin_mironov_100
101,demo_russian_mironov_101,demo_rusin_mironov_101
102,demo_russian_mironov_102,demo_rusin_mironov_102
103,demo_russian_mironov_103,demo_rusin_mironov_103
104,demo_russian_mironov_104,demo_rusin_mironov_104
105,demo_russian_mironov_105,demo_rusin_mironov_105
106,demo_russian_mironov_106,demo_rusin_mironov_106
107,demo_russian_mironov_107,demo_rusin_mironov_107
108,demo_russian_mironov_108,demo_rusin_mironov_108
109,demo_russian_mironov_109,demo_rusin_mironov_109
110,demo_russian_mironov_110,demo_rusin_mironov_110
111,demo_russian_mironov_111,demo_rusin_mironov_111
112,demo_russian_mironov_112,demo_rusin_mironov_112
113,demo_russian_mironov_113,demo_rusin_mironov_113
114,demo_russian_mironov_114,demo_rusin_mironov_114
115,demo_russian_mironov_115,demo_rusin_mironov_115
116,demo_russian_mironov_116,demo_rusin_mironov_116
117,demo_russian_mironov_117,demo_rusin_mironov_117
118,demo_russian_mironov_118,demo_rusin_mironov_118
119,demo_russian_mironov_119,demo_rusin_mironov_119
120,demo_russian_mironov_120,demo_rusin_mironov_120
121,demo_russian_mironov_121,demo_rusin_mironov_121
122,demo_russian_mironov_122,demo_rusin_mironov_122
123,demo_russian_mironov_123,demo_rusin_mironov_123
124,demo_russian_mironov_124,demo_rusin_mironov_124
125,demo_russian_mironov_125,demo_rusin_mironov_125
126,demo_russian_mironov_126,demo_rusin_mironov_126
127,demo_russian_mironov_127,demo_rusin_mironov_127
128,demo_russian_mironov_128,demo_rusin_mironov_128
129,demo_russian_mironov_129,demo_rusin_mironov_129
130,demo_russian_mironov_130,demo_rusin_mironov_130
131,demo_russian_mironov_131,demo_rusin_mironov_131
132,demo_russian_mironov_132,demo_rusin_mironov_132
133,demo_russian_mironov_133,demo_rusin_mironov_133
134,demo_russian_mironov_134,demo_rusin_mironov_134
135,demo_russian_mironov_135,demo_rusin_mironov_135
136,demo_russian_mironov_136,demo_rusin_mironov_136
137,demo_russian_mironov_137,demo_rusin_mironov_137
138,demo_russian_mironov_138,demo_rusin_mironov_138
139,demo_russian_mironov_139,demo_rusin_mironov_139
140,demo_russian_mironov_140,demo_rusin_mironov_140
141,demo_russian_mironov_141,demo_rusin_mironov_141
142,demo_russian_mironov_142,demo_rusin_mironov_142
143,demo_russian_mironov_143,demo_rusin_mironov_143
144,demo_russian_mironov_144,demo_rusin_mironov_144
145,demo_russian_mironov_145,demo_rusin_mironov_145
146,demo_russian_mironov_146,demo_rusin_mironov_146
147,demo_russian_mironov_147,demo_rusin_mironov_147
148,demo_russian_mironov_148,demo_rusin_mironov_148
149,demo_russian_mironov_149,demo_rusin_mironov_149
150,demo_russian_mironov_150,demo_rusin_mironov_150
151,demo_russian_mironov_151,demo_rusin_mironov_151
152,demo_russian_mironov_152,demo_rusin_mironov_152
153,demo_russian_mironov_153,demo_rusin_mironov_153
154,demo_russian_mironov_154,demo_rusin_mironov_154
155,demo_russian_mironov_155,demo_rusin_mironov_155
156,demo_russian_mironov_156,demo_rusin_mironov_156
157,demo_russian_mironov_157,demo_rusin_mironov_157
158,demo_russian_mironov_158,demo_rusin_mironov_158
159,demo_russian_mironov_159,demo_rusin_mironov_159
160,demo_russian_mironov_160,demo_rusin_mironov_160
161,demo_russian_mironov_161,demo_rusin_mironov_161
162,demo_russian_mironov_162,demo_rusin_mironov_162
163,demo_russian_mironov_163,demo_rusin_mironov_163
164,demo_russian_mironov_164,demo_rusin_mironov_164
165,demo_russian_mironov_165,demo_rusin_mironov_165
166,demo_russian_mironov_166,demo_rusin_mironov_166
167,demo_russian_mironov_167,demo_rusin_mironov_167
168,demo_russian_mironov_168,demo_rusin_mironov_168
169,demo_russian_mironov_169,demo_rusin_mironov_169
170,demo_russian_mironov_170,demo_rusin_mironov_170
171,demo_russian_mironov_171,demo_rusin_mironov_171
172,demo_russian_mironov_172,demo_rusin_mironov_172
173,demo_russian_mironov_173,demo_rusin_mironov_173
174,demo_russian_mironov_174,demo_rusin_mironov_174
175,demo_russian_mironov_175,demo_rusin_mironov_175
176,demo_russian_mironov_176,demo_rusin_mironov_176
177,demo_russian_mironov_177,demo_rusin_mironov_177
178,demo_russian_mironov_178,demo_rusin_mironov_178
179,demo_russian_mironov_179,demo_rusin_mironov_179
180,demo_russian_mironov_180,demo_rusin_mironov_180
181,demo_russian_mironov_181,demo_rusin_mironov_181
182,demo_russian_mironov_182,demo_rusin_mironov_182
183,demo_russian_mironov_183,demo_rusin_mironov_183
184,demo_russian_mironov_184,demo_rusin_mironov_184
185,demo_russian_mironov_185,demo_rusin_mironov_185
186,demo_russian_mironov_186,demo_rusin_mironov_186
187,demo_russian_mironov_187,demo_rusin_mironov_187
188,demo_russian_mironov_188,demo_rusin_mironov_188
189,demo_russian_mironov_189,demo_rusin_mironov_189
190,demo_russian_mironov_190,demo_rusin_mironov_190
191,demo_russian_mironov_191,demo_rusin_mironov_191
192,demo_russian_mironov_192,demo_rusin_mironov_192
193,demo_russian_mironov_193,demo_rusin_mironov_193
194,demo_russian_mironov_194,demo_rusin_mironov_194
195,demo_russian_mironov_195,demo_rusin_mironov_195
196,demo_russian_mironov_196,demo_rusin_mironov_196
197,demo_russian_mironov_197,demo_rusin_mironov_197
198,demo_russian_mironov_198,demo_rusin_mironov_198
199,demo_russian_mironov_199,demo_rusin_mironov_199
200,demo_russian_mironov_200,demo_rusin_mironov_200
