ruswordpop,uawordpop,ruwordpop
demo_russian_pop_001,demo_ukrainian_pop_001,demo_rusin_pop_001
demo_russian_pop_002,demo_ukrainian_pop_002,demo_rusin_pop_002
demo_russian_pop_003,demo_ukrainian_pop_003,demo_rusin_pop_003
demo_russian_pop_004,demo_ukrainian_pop_004,demo_rusin_pop_004
demo_russian_pop_005,demo_ukrainian_pop_005,demo_rusin_pop_005
demo_russian_pop_006,demo_ukrainian_pop_006,demo_rusin_pop_006
demo_russian_pop_007,demo_ukrainian_pop_007,demo_rusin_pop_007
demo_russian_pop_008,demo_ukrainian_pop_008,demo_rusin_pop_008
demo_russian_pop_009,demo_ukrainian_pop_009,demo_rusin_pop_009
demo_russian_pop_010,demo_ukrainian_pop_010,demo_rusin_pop_010
demo_russian_pop_011,demo_ukrainian_pop_011,demo_rusin_pop_011
demo_russian_pop_012,demo_ukrainian_pop_012,demo_rusin_pop_012
demo_russian_pop_013,demo_ukrainian_pop_013,demo_rusin_pop_013
demo_russian_pop_014,demo_ukrainian_pop_014,demo_rusin_pop_014
demo_russian_pop_015,demo_ukrainian_pop_015,demo_rusin_pop_015
demo_russian_pop_016,demo_ukrainian_pop_016,demo_rusin_pop_016
demo_russian_pop_017,demo_ukrainian_pop_017,demo_rusin_pop_017
demo_russian_pop_018,demo_ukrainian_pop_018,demo_rusin_pop_018
demo_russian_pop_019,demo_ukrainian_pop_019,demo_rusin_pop_019
demo_russian_pop_020,demo_ukrainian_pop_020,demo_rusin_pop_020
demo_russian_pop_021,demo_ukrainian_pop_021,demo_rusin_pop_021
demo_russian_pop_022,demo_ukrainian_pop_022,demo_rusin_pop_022
demo_russian_pop_023,demo_ukrainian_pop_023,demo_rusin_pop_023
demo_russian_pop_024,demo_ukrainian_pop_024,demo_rusin_pop_024
demo_russian_pop_025,demo_ukrainian_pop_025,demo_rusin_pop_025
demo_russian_pop_026,demo_ukrainian_pop_026,demo_rusin_pop_026
demo_russian_pop_027,demo_ukrainian_pop_027,demo_rusin_pop_027
demo_russian_pop_028,demo_ukrainian_pop_028,demo_rusin_pop_028
demo_russian_pop_029,demo_ukrainian_pop_029,demo_rusin_pop_029
demo_russian_pop_030,demo_ukrainian_pop_030,demo_rusin_pop_030
demo_russian_pop_031,demo_ukrainian_pop_031,demo_rusin_pop_031
demo_russian_pop_032,demo_ukrainian_pop_032,demo_rusin_pop_032
demo_russian_pop_033,demo_ukrainian_pop_033,demo_rusin_pop_033
demo_russian_pop_034,demo_ukrainian_pop_034,demo_rusin_pop_034
demo_russian_pop_035,demo_ukrainian_pop_035,demo_rusin_pop_035
demo_russian_pop_036,demo_ukrainian_pop_036,demo_rusin_pop_036
demo_russian_pop_037,demo_ukrainian_pop_037,demo_rusin_pop_037
demo_russian_pop_038,demo_ukrainian_pop_038,demo_rusin_pop_038
demo_russian_pop_039,demo_ukrainian_pop_039,demo_rusin_pop_039
demo_russian_pop_040,demo_ukrainian_pop_040,demo_rusin_pop_040
demo_russian_pop_041,demo_ukrainian_pop_041,demo_rusin_pop_041
demo_russian_pop_042,demo_ukrainian_pop_042,demo_rusin_pop_042
demo_russian_pop_043,demo_ukrainian_pop_043,demo_rusin_pop_043
demo_russian_pop_044,demo_ukrainian_pop_044,demo_rusin_pop_044
demo_russian_pop_045,demo_ukrainian_pop_045,demo_rusin_pop_045
demo_russian_pop_046,demo_ukrainian_pop_046,demo_rusin_pop_046
demo_russian_pop_047,demo_ukrainian_pop_047,demo_rusin_pop_047
demo_russian_pop_048,demo_ukrainian_pop_048,demo_rusin_pop_048
demo_russian_pop_049,demo_ukrainian_pop_049,demo_rusin_pop_049
demo_russian_pop_050,demo_ukrainian_pop_050,demo_rusin_pop_050
demo_russian_pop_051,demo_ukrainian_pop_051,demo_rusin_pop_051
demo_russian_pop_052,demo_ukrainian_pop_052,demo_rusin_pop_052
demo_russian_pop_053,demo_ukrainian_pop_053,demo_rusin_pop_053
demo_russian_pop_054,demo_ukrainian_pop_054,demo_rusin_pop_054
demo_russian_pop_055,demo_ukrainian_pop_055,demo_rusin_pop_055
demo_russian_pop_056,demo_ukrainian_pop_056,demo_rusin_pop_056
demo_russian_pop_057,demo_ukrainian_pop_057,demo_rusin_pop_057
demo_russian_pop_058,demo_ukrainian_pop_058,demo_rusin_pop_058
demo_russian_pop_059,demo_ukrainian_pop_059,demo_rusin_pop_059
demo_russian_pop_060,demo_ukrainian_pop_060,demo_rusin_pop_060
demo_russian_pop_061,demo_ukrainian_pop_061,demo_rusin_pop_061
demo_russian_pop_062,demo_ukrainian_pop_062,demo_rusin_pop_062
demo_russian_pop_063,demo_ukrainian_pop_063,demo_rusin_pop_063
demo_russian_pop_064,demo_ukrainian_pop_064,demo_rusin_pop_064
demo_russian_pop_065,demo_ukrainian_pop_065,demo_rusin_pop_065
demo_russian_pop_066,demo_ukrainian_pop_066,demo_rusin_pop_066
demo_russian_pop_067,demo_ukrainian_pop_067,demo_rusin_pop_067
demo_russian_pop_068,demo_ukrainian_pop_068,demo_rusin_pop_068
demo_russian_pop_069,demo_ukrainian_pop_069,demo_rusin_pop_069
demo_russian_pop_070,demo_ukrainian_pop_070,demo_rusin_pop_070
demo_russian_pop_071,demo_ukrainian_pop_071,demo_rusin_pop_071
demo_russian_pop_072,demo_ukrainian_pop_072,demo_rusin_pop_072
demo_russian_pop_073,demo_ukrainian_pop_073,demo_rusin_pop_073
demo_russian_pop_074,demo_ukrainian_pop_074,demo_rusin_pop_074
demo_russian_pop_075,demo_ukrainian_pop_075,demo_rusin_pop_075
demo_russian_pop_076,demo_ukrainian_pop_076,demo_rusin_pop_076
demo_russian_pop_077,demo_ukrainian_pop_077,demo_rusin_pop_077
demo_russian_pop_078,demo_ukrainian_pop_078,demo_rusin_pop_078
demo_russian_pop_079,demo_ukrainian_pop_079,demo_rusin_pop_079
demo_russian_pop_080,demo_ukrainian_pop_080,demo_rusin_pop_080
demo_russian_pop_081,demo_ukrainian_pop_081,demo_rusin_pop_081
demo_russian_pop_082,demo_ukrainian_pop_082,demo_rusin_pop_082
demo_russian_pop_083,demo_ukrainian_pop_083,demo_rusin_pop_083
demo_russian_pop_084,demo_ukrainian_pop_084,demo_rusin_pop_084
demo_russian_pop_085,demo_ukrainian_pop_085,demo_rusin_pop_085
demo_russian_pop_086,demo_ukrainian_pop_086,demo_rusin_pop_086
demo_russian_pop_087,demo_ukrainian_pop_087,demo_rusin_pop_087
demo_russian_pop_088,demo_ukrainian_pop_088,demo_rusin_pop_088
demo_russian_pop_089,demo_ukrainian_pop_089,demo_rusin_pop_089
demo_russian_pop_090,demo_ukrainian_pop_090,demo_rusin_pop_090
demo_russian_pop_091,demo_ukrainian_pop_091,demo_rusin_pop_091
demo_russian_pop_092,demo_ukrainian_pop_092,demo_rusin_pop_092
demo_russian_pop_093,demo_ukrainian_pop_093,demo_rusin_pop_093
demo_russian_pop_094,demo_ukrainian_pop_094,demo_rusin_pop_094
demo_russian_pop_095,demo_ukrainian_pop_095,demo_rusin_pop_095
demo_russian_pop_096,demo_ukrainian_pop_096,demo_rusin_pop_096
demo_russian_pop_097,demo_ukrainian_pop_097,demo_rusin_pop_097
demo_russian_pop_098,demo_ukrainian_pop_098,demo_rusin_pop_098
demo_russian_pop_099,demo_ukrainian_pop_099,demo_rusin_pop_099
demo_russian_pop_100,demo_ukrainian_pop_100,demo_rusin_pop_100
demo_russian_pop_101,demo_ukrainian_pop_101,demo_rusin_pop_101
demo_russian_pop_102,demo_ukrainian_pop_102,demo_rusin_pop_102
demo_russian_pop_103,demo_ukrainian_pop_103,demo_rusin_pop_103
demo_russian_pop_104,demo_ukrainian_pop_104,demo_rusin_pop_104
demo_russian_pop_105,demo_ukrainian_pop_105,demo_rusin_pop_105
demo_russian_pop_106,demo_ukrainian_pop_106,demo_rusin_pop_106
demo_russian_pop_107,demo_ukrainian_pop_107,demo_rusin_pop_107
demo_russian_pop_108,demo_ukrainian_pop_108,demo_rusin_pop_108
demo_russian_pop_109,demo_ukrainian_pop_109,demo_rusin_pop_109
demo_russian_pop_110,demo_ukrainian_pop_110,demo_rusin_pop_110
demo_russian_pop_111,demo_ukrainian_pop_111,demo_rusin_pop_111
demo_russian_pop_112,demo_ukrainian_pop_112,demo_rusin_pop_112
demo_russian_pop_113,demo_ukrainian_pop_113,demo_rusin_pop_113
demo_russian_pop_114,demo_ukrainian_pop_114,demo_rusin_pop_114
demo_russian_pop_115,demo_ukrainian_pop_115,demo_rusin_pop_115
demo_russian_pop_116,demo_ukrainian_pop_116,demo_rusin_pop_116
demo_russian_pop_117,demo_ukrainian_pop_117,demo_rusin_pop_117
demo_russian_pop_118,demo_ukrainian_pop_118,demo_rusin_pop_118
demo_russian_pop_119,demo_ukrainian_pop_119,demo_rusin_pop_119
demo_russian_pop_120,demo_ukrainian_pop_120,demo_rusin_pop_120
demo_russian_pop_121,demo_ukrainian_pop_121,demo_rusin_pop_121
demo_russian_pop_122,demo_ukrainian_pop_122,demo_rusin_pop_122
demo_russian_pop_123,demo_ukrainian_pop_123,demo_rusin_pop_123
demo_russian_pop_124,demo_ukrainian_pop_124,demo_rusin_pop_124
demo_russian_pop_125,demo_ukrainian_pop_125,demo_rusin_pop_125
demo_russian_pop_126,demo_ukrainian_pop_126,demo_rusin_pop_126
demo_russian_pop_127,demo_ukrainian_pop_127,demo_rusin_pop_127
demo_russian_pop_128,demo_ukrainian_pop_128,demo_rusin_pop_128
demo_russian_pop_129,demo_ukrainian_pop_129,demo_rusin_pop_129
demo_russian_pop_130,demo_ukrainian_pop_130,demo_rusin_pop_130
demo_russian_pop_131,demo_ukrainian_pop_131,demo_rusin_pop_131
demo_russian_pop_132,demo_ukrainian_pop_132,demo_rusin_pop_132
demo_russian_pop_133,demo_ukrainian_pop_133,demo_rusin_pop_133
demo_russian_pop_134,demo_ukrainian_pop_134,demo_rusin_pop_134
demo_russian_pop_135,demo_ukrainian_pop_135,demo_rusin_pop_135
demo_russian_pop_136,demo_ukrainian_pop_136,demo_rusin_pop_136
demo_russian_pop_137,demo_ukrainian_pop_137,demo_rusin_pop_137
demo_russian_pop_138,demo_ukrainian_pop_138,demo_rusin_pop_138
demo_russian_pop_139,demo_ukrainian_pop_139,demo_rusin_pop_139
demo_russian_pop_140,demo_ukrainian_pop_140,demo_rusin_pop_140
demo_russian_pop_141,demo_ukrainian_pop_141,demo_rusin_pop_141
demo_russian_pop_142,demo_ukrainian_pop_142,demo_rusin_pop_142
demo_russian_pop_143,demo_ukrainian_pop_143,demo_rusin_pop_143
demo_russian_pop_144,demo_ukrainian_pop_144,demo_rusin_pop_144
demo_russian_pop_145,demo_ukrainian_pop_145,demo_rusin_pop_145
demo_russian_pop_146,demo_ukrainian_pop_146,demo_rusin_pop_146
demo_russian_pop_147,demo_ukrainian_pop_147,demo_rusin_pop_147
demo_russian_pop_148,demo_ukrainian_pop_148,demo_rusin_pop_148
demo_russian_pop_149,demo_ukrainian_pop_149,demo_rusin_pop_149
demo_russian_pop_150,demo_ukrainian_pop_150,demo_rusin_pop_150
demo_russian_pop_151,demo_ukrainian_pop_151,demo_rusin_pop_151
demo_russian_pop_152,demo_ukrainian_pop_152,demo_rusin_pop_152
demo_russian_pop_153,demo_ukrainian_pop_153,demo_rusin_pop_153
demo_russian_pop_154,demo_ukrainian_pop_154,demo_rusin_pop_154
demo_russian_pop_155,demo_ukrainian_pop_155,demo_rusin_pop_155
demo_russian_pop_156,demo_ukrainian_pop_156,demo_rusin_pop_156
demo_russian_pop_157,demo_ukrainian_pop_157,demo_rusin_pop_157
demo_russian_pop_158,demo_ukrainian_pop_158,demo_rusin_pop_158
demo_russian_pop_159,demo_ukrainian_pop_159,demo_rusin_pop_159
demo_russian_pop_160,demo_ukrainian_pop_160,demo_rusin_pop_160
demo_russian_pop_161,demo_ukrainian_pop_161,demo_rusin_pop_161
demo_russian_pop_162,demo_ukrainian_pop_162,demo_rusin_pop_162
demo_russian_pop_163,demo_ukrainian_pop_163,demo_rusin_pop_163
demo_russian_pop_164,demo_ukrainian_pop_164,demo_rusin_pop_164
demo_russian_pop_165,demo_ukrainian_pop_165,demo_rusin_pop_165
demo_russian_pop_166,demo_ukrainian_pop_166,demo_rusin_pop_166
demo_russian_pop_167,demo_ukrainian_pop_167,demo_rusin_pop_167
demo_russian_pop_168,demo_ukrainian_pop_168,demo_rusin_pop_168
demo_russian_pop_169,demo_ukrainian_pop_169,demo_rusin_pop_169
demo_russian_pop_170,demo_ukrainian_pop_170,demo_rusin_pop_170
demo_russian_pop_171,demo_ukrainian_pop_171,demo_rusin_pop_171
demo_russian_pop_172,demo_ukrainian_pop_172,demo_rusin_pop_172
demo_russian_pop_173,demo_ukrainian_pop_173,demo_rusin_pop_173
demo_russian_pop_174,demo_ukrainian_pop_174,demo_rusin_pop_174
demo_russian_pop_175,demo_ukrainian_pop_175,demo_rusin_pop_175
demo_russian_pop_176,demo_ukrainian_pop_176,demo_rusin_pop_176
demo_russian_pop_177,demo_ukrainian_pop_177,demo_rusin_pop_177
demo_russian_pop_178,demo_ukrainian_pop_178,demo_rusin_pop_178
demo_russian_pop_179,demo_ukrainian_pop_179,demo_rusin_pop_179
demo_russian_pop_180,demo_ukrainian_pop_180,demo_rusin_pop_180
demo_russian_pop_181,demo_ukrainian_pop_181,demo_rusin_pop_181
demo_russian_pop_182,demo_ukrainian_pop_182,demo_rusin_pop_182
demo_russian_pop_183,demo_ukrainian_pop_183,demo_rusin_pop_183
demo_russian_pop_184,demo_ukrainian_pop_184,demo_rusin_pop_184
demo_russian_pop_185,demo_ukrainian_pop_185,demo_rusin_pop_185
demo_russian_pop_186,demo_ukrainian_pop_186,demo_rusin_pop_186
demo_russian_pop_187,demo_ukrainian_pop_187,demo_rusin_pop_187
demo_russian_pop_188,demo_ukrainian_pop_188,demo_rusin_pop_188
demo_russian_pop_189,demo_ukrainian_pop_189,demo_rusin_pop_189
demo_russian_pop_190,demo_ukrainian_pop_190,demo_rusin_pop_190
demo_russian_pop_191,demo_ukrainian_pop_191,demo_rusin_pop_191
demo_russian_pop_192,demo_ukrainian_pop_192,demo_rusin_pop_192
demo_russian_pop_193,demo_ukrainian_pop_193,demo_rusin_pop_193
demo_russian_pop_194,demo_ukrainian_pop_194,demo_rusin_pop_194
demo_russian_pop_195,demo_ukrainian_pop_195,demo_rusin_pop_195
demo_russian_pop_196,demo_ukrainian_pop_196,demo_rusin_pop_196
demo_russian_pop_197,demo_ukrainian_pop_197,demo_rusin_pop_197
demo_russian_pop_198,demo_ukrainian_pop_198,demo_rusin_pop_198
demo_russian_pop_199,demo_ukrainian_pop_199,demo_rusin_pop_199
demo_russian_pop_200,demo_ukrainian_pop_200,demo_rusin_pop_200
